symbol,kind,execution,hooks,effects_and_ordering,model_passes,required_keys,produced_keys,model_mutation,specialisation,device_batch_gradient,composed_model,same_run,multi_stage
ActivationMaximisation,hook method,"Runs PGD around a prepared model","Forward reads through an internal Saliency stage","Reads targets and writes optimised inputs; internal Saliency must be installed before PGD","n_steps","model inputs; additional_init_keys when configured","attribution_key/input","No persistent mutation","Wrapper-relative path and internal pre-factory","Inputs and targets must share a device; gradients required; preserves TensorDict batch metadata",supported,unsupported,untested
GradCAM,hook method,"Runs the model and differentiates selected targets","Forward reads of target activations plus gradient capture","Read-only activations and gradients; target selection precedes attribution reduction","1","model inputs; additional_init_keys when configured","attribution_key/modules_to_attribute","No","Wrapper-relative path","Inputs, targets, and captured activations must share a device; gradients required; preserves TensorDict batch metadata",supported,unsupported,untested
GuidedBackpropagation,hook method,"Runs the model and differentiates selected targets","Forward reads plus backward writes on matched modules","Backward hooks clamp negative gradients; registration order matters with other backward writers","1","model inputs; additional_init_keys when configured","attribution_key/input","Temporary backward hooks only","Wrapper-relative path","Inputs and targets must share a device; gradients required; preserves TensorDict batch metadata",supported,unsupported,untested
IntegratedGradients,hook method,"Runs an expanded interpolation batch and differentiates selected targets","Forward reads and optional backward-pre writes inherited from gradient attribution","Reads baseline and targets; writes attribution; convergence delta adds endpoint evaluations","1 expanded call; 2 extra calls when convergence delta is enabled","pipeline inputs/input and inputs/baseline; additional_init_keys when configured","pipeline attributions/values; standalone attribution_key/input; convergence_delta when enabled","No","Wrapper-relative path","Inputs and baselines must align in shape and device; gradients required; expands the sample batch by n_steps",supported,unsupported,supported
LRP,hook method,"Runs the prepared rule-mapped model and differentiates selected targets","Forward and backward behavior supplied by mapped LRP rules","Rules rewrite propagation behavior; mapping must be installed before execution and restored afterwards","1","pipeline inputs/input; additional_init_keys when configured","pipeline attributions/values; standalone attribution_key/input","Temporary module replacement restored on exit","Wrapper-relative path plus rule mapper","Inputs and targets must share a device; gradients required; preserves TensorDict batch metadata",supported,unsupported,supported
Saliency,hook method,"Runs the model and differentiates selected targets","Forward reads and optional backward-pre writes","Read-only unless output_grad_callbacks write gradients; writer order must be declared","1","model inputs; additional_init_keys when configured","attribution_key/input","No","Wrapper-relative path","Inputs and targets must share a device; gradients required; preserves TensorDict batch metadata",supported,unsupported,untested
ActivationAddition,hook method,"Runs positive and negative examples to derive a vector","Forward reads on selected modules","Reads both source runs and writes steer artifacts after both complete","2","positive/input; negative/input","steer/module_output","No","Wrapper-relative path and shared cache reference","Positive and negative batches must be compatible; cache and model tensors must share a device; no gradients required",supported,unsupported,untested
ActivationCaching,hook method,"Runs the model while copying selected activations or gradients to context cache","Configured forward or backward hook directions","Read-only hook effects; cache keys are direction-qualified when multiple directions are used","1","pipeline inputs/input","pipeline activations/cache; standalone context.cache entries","No","HookingContextWithCache","Cached values retain source device and shape; backward directions require gradients",supported,unsupported,supported
ActivationPatching,hook method,"Runs a clean input and a patched input","Forward read followed by prepended forward write","Clean activation must be cached before the patched pass; patch write is prepended","2","model inputs; patched/input","model outputs; patched/model outputs","No","Wrapper-relative path and shared cache reference","Clean and patched inputs and activations must be shape/device compatible; no gradients required",supported,unsupported,untested
Probing,hook method,"Runs the model and dispatches selected activations to probes","Configured forward or backward read directions; optional root forward-pre read","Read-only model hooks; compatible ProbingStage instances may share one ordered HookGroup run","1 per fit or predict call","pipeline inputs/input; configured additional_keys such as labels and step_type","pipeline probes/results; standalone manager estimator and metric state","Estimator state changes during fit","Standard HookingContext and HookedModule","Activation, label, and estimator devices must be compatible; backward directions require gradients; probe preprocessing controls batch flattening",supported,supported,supported
SteeringVectors,hook method,"Runs the model with activation edits","Forward writes on selected modules","Writers run in registration order; later readers observe the value returned by earlier writers","1","model inputs; steer_fn closure inputs","model outputs","No persistent mutation","Standard HookingContext and HookedModule","steer_fn output must match activation shape/device/dtype; gradients optional",supported,untested,untested
CaPcaDimensionEstimator,TensorDict operator,"Transforms an existing representation TensorDict; no model execution","None","Reads one key and writes one key","0","in_key (default data)","out_key (default dimension)","No","Requires scikit-learn","Input shape (..., N, D); PCA copies neighborhoods to CPU and results return to the input device; gradients are not preserved",not-applicable,not-applicable,supported
LocalKnnDimensionEstimator,TensorDict operator,"Transforms an existing representation TensorDict; no model execution","None","Reads one key and writes one key","0","in_key (default data)","out_key (default dimension)","No","None","Input shape (..., N, D); runs on the input device; no gradient contract",not-applicable,not-applicable,supported
LocalPcaDimensionEstimator,TensorDict operator,"Transforms an existing representation TensorDict; no model execution","None","Reads one key and writes one key","0","in_key (default data)","out_key (default dimension)","No","Requires scikit-learn","Input shape (..., N, D); PCA copies neighborhoods to CPU and results return to the input device; gradients are not preserved",not-applicable,not-applicable,supported
TwoNnDimensionEstimator,TensorDict operator,"Transforms an existing representation TensorDict; no model execution","None","Reads one key and writes one or three keys","0","in_key (default data)","out_key; optional out_key_x and out_key_y","No","None","Input shape (..., N, D); runs on the input device; no gradient contract",not-applicable,not-applicable,supported
CkaEstimator,TensorDict operator,"Transforms two existing representation artifacts; no model execution","None","Reads two keys and writes one key","0","in_key_a and in_key_b","out_key (default cka)","No","Linear kernel only","Inputs require matching batch shape, sample count, and device; no gradient contract",not-applicable,not-applicable,supported
InformationImbalanceEstimator,TensorDict operator,"Transforms two existing representation artifacts; no model execution","None","Reads two keys and writes two directional keys","0","in_key_a and in_key_b","out_key_a_to_b and out_key_b_to_a","No","None","Inputs require matching batch shape, sample count, and device; no gradient contract",not-applicable,not-applicable,supported
Adapters,hook method,"Runs the model with adapter-defined activation edits","Configured forward or backward reads and writes","Source reads must precede destination writes; adapter return replaces destination activation","1","pipeline inputs/input; adapter configuration","pipeline outputs/model; standalone model outputs and optional context cache","Adapter parameters may be stateful; base weights are not replaced","HookedModuleWithAdapters and HookingContextWithCache","Adapter input/output must match target activation device/shape; backward directions require gradients",supported,unsupported,supported
Pruning,weight method,"Mutates weights on context entry and then runs the model","prune_parameters temporary-state operation","Pruning is applied before execution and original weights are restored on context exit","1 per user call","model inputs; importance_callback inputs from parameters","model outputs","Temporary weight mutation","Shared HookProgram runtime","Importance scores must match parameter device/shape; model batch contract is unchanged; gradients optional",supported,unsupported,untested
TaskVectors,weight method,"Prepares weight vectors; evaluation count is controlled by alpha search callbacks","replace_parameters temporary-state operation","Vectors are applied inside a scoped context; alpha candidates are evaluated in iterable order","0 during prepare; callback-defined and potentially unbounded during alpha selection","finetuned module or vectors supplied through TaskVectorsModule methods","task vectors; forget vectors; candidate weights","Temporary scoped weight mutation","Shared TensorDict state runtime plus TaskVectorsContext and TaskVectorsModule","Vector keys/shapes/devices must match model parameters; both evaluation callbacks must declare their own pass, batch, device, and gradient budgets",supported,unsupported,untested
BilinearProbe,probing support,"Consumes two captured activations inside Probing","None directly","Caches the first activation until its pair arrives; fit mutates estimator state","0","two activations; labels; step_type","estimator and callback state","Estimator state during fit","Used through Probing and BilinearProbeManager","Inputs and estimator device/batch requirements must agree",not-applicable,not-applicable,not-applicable
BilinearProbeManager,probing support,"Builds and owns BilinearProbe instances","None directly","One stable probe per key pair and direction; overwrite_results controls repeated metrics","0","pair configuration; estimator factory; metric callback","estimators; results TensorDict","Manager and estimator state","Used through Probing","Delegates device/batch/gradient requirements to probes and estimators",not-applicable,not-applicable,not-applicable
LinearEstimator,probing support,"Fits or predicts from one captured activation","None","fit updates parameters; predict is read-only","0","one activation tensor; labels for fit","predictions","Estimator parameters during fit","Used through Probe or ProbeManager","Estimator and tensors must be on compatible devices; fit uses gradients internally",not-applicable,not-applicable,not-applicable
LowRankBilinearEstimator,probing support,"Fits or predicts from two captured activations","None","fit updates parameters; predict is read-only","0","two activation tensors; labels for fit","predictions","Estimator parameters during fit","Used through BilinearProbe","Estimator and tensors must be on compatible devices; fit uses gradients internally",not-applicable,not-applicable,not-applicable
MeanDifferenceClassifier,probing support,"Fits or predicts from one NumPy-like activation array","None","fit replaces coefficient and intercept state","0","one activation array; binary labels for fit","predictions or probabilities","Estimator coefficients during fit","Used through Probe or ProbeManager","CPU/NumPy operator; caller controls batch conversion; no autograd",not-applicable,not-applicable,not-applicable
Probe,probing support,"Consumes one captured activation inside Probing","None directly","fit mutates estimator state; predict invokes the metric callback","0","activation; labels; step_type","estimator and callback state","Estimator state during fit","Used through Probing and ProbeManager","Delegates device/batch/gradient requirements to the estimator",not-applicable,not-applicable,not-applicable
ProbeManager,probing support,"Builds and owns Probe instances","None directly","One probe per key and direction; overwrite policy controls repeated runs","0","estimator factory; metric callback","estimators; fit_metrics; predict_metrics","Manager and estimator state","Used through Probing","Delegates device/batch/gradient requirements to probes and estimators",not-applicable,not-applicable,not-applicable
